{"_runtime":3969,"step":7999,"accuracy":0.3171752095222473,"tps":16891.255112501036,"_wandb":{"runtime":3969},"_step":161,"n_params":679168,"_timestamp":1.7678018087847633e+09,"loss":2.0890636444091797}