{"accuracy":0.2960137724876404,"tps":15832.957915891575,"_wandb":{"runtime":4125},"step":7999,"loss":2.2921218872070312,"n_params":679168,"_timestamp":1.7677703551057248e+09,"_runtime":4125,"_step":161}