{"accuracy":0.5446428656578064,"loss":1.4147486686706543,"_runtime":1961,"step":7999,"_wandb":{"runtime":1961},"_timestamp":1.7678017087661586e+09,"_step":161,"n_params":679248,"tps":16574.211140083546}