{"_timestamp":1.7677758019954312e+09,"accuracy":0.6072834730148315,"step":9999,"_wandb":{"runtime":22124},"n_params":2666944,"loss":1.1181243658065796,"tps":3671.589582244016,"_step":201,"_runtime":22124}