{"step":9999,"_timestamp":1.7677587104114144e+09,"n_params":925888,"accuracy":0.31889763474464417,"loss":2.5226635932922363,"_step":201,"tps":16141.091529394935,"_wandb":{"runtime":5032},"_runtime":5032}