{"loss":3.101628065109253,"_timestamp":1.767758960576915e+09,"accuracy":0.15625,"_wandb":{"runtime":5280},"step":9999,"tps":16190.292639514597,"_runtime":5280,"n_params":679168,"_step":201}