{"loss":6.9251837730407715,"_runtime":5085,"step":9999,"accuracy":0.0024606299120932817,"_step":201,"tps":16048.89403754503,"_wandb":{"runtime":5085},"n_params":925888,"_timestamp":1.7677713149808931e+09}