{"step":7999,"n_params":679248,"loss":2.1991875171661377,"_timestamp":1.7677617904533675e+09,"accuracy":0.30634841322898865,"tps":16071.9103058708,"_wandb":{"runtime":4059},"_step":161,"_runtime":4059}