{"n_params":2667264,"_step":201,"_wandb":{"runtime":22281},"loss":1.7084081172943115,"accuracy":0.3988681137561798,"tps":3618.723272335291,"_runtime":22281,"_timestamp":1.7677980860119014e+09,"step":9999}