{"_wandb":{"runtime":12316},"accuracy":0.2645833492279053,"step":11999,"_step":241,"loss":2.4270217418670654,"tps":16503.988781718897,"n_params":679168,"_runtime":12316,"_timestamp":1.767810154839399e+09}