{"_runtime":11160,"n_params":679168,"step":11999,"_timestamp":1.767791631270302e+09,"_step":241,"loss":2.433419704437256,"tps":17514.85749769928,"_wandb":{"runtime":11160},"accuracy":0.262254923582077}