{"loss":2.1703526973724365,"n_params":679248,"_step":161,"_wandb":{"runtime":4138},"_timestamp":1.7677744957983322e+09,"step":7999,"accuracy":0.31446850299835205,"tps":16203.47840789663,"_runtime":4138}