{"_runtime":5914,"tps":17701.978468146124,"_wandb":{"runtime":5914},"n_params":1715472,"loss":8.315038681030273,"accuracy":0,"_timestamp":1.7677780913579588e+09,"step":11999,"_step":241}