{"_step":241,"_runtime":5944,"_wandb":{"runtime":5944},"_timestamp":1.7677721745588515e+09,"loss":8.317575454711914,"step":11999,"n_params":1715392,"accuracy":0,"tps":16461.98510714049}