{"n_params":679168,"tps":15030.992012610262,"_wandb":{"runtime":5324},"_timestamp":1.7677590016814144e+09,"_step":201,"accuracy":0.03125,"_runtime":5324,"step":9999,"loss":4.160236835479736}