{"_runtime":1862,"_timestamp":1.7677699180312939e+09,"tps":17518.337580509968,"step":7999,"_wandb":{"runtime":1862},"accuracy":0.5208333730697632,"n_params":679248,"loss":1.3879573345184326,"_step":161}