{"_runtime":5291,"tps":16717.665892093664,"step":9999,"_wandb":{"runtime":5291},"n_params":679248,"_step":201,"_timestamp":1.7677767892409315e+09,"loss":4.147018909454346,"accuracy":0.0625}