{"_timestamp":1.7678057422322826e+09,"tps":17151.730104438786,"_runtime":3931,"_step":161,"loss":2.207430362701416,"_wandb":{"runtime":3931},"n_params":679248,"step":7999,"accuracy":0.2891240119934082}