{"_runtime":22023,"loss":1.3024876117706299,"_wandb":{"runtime":22023},"_timestamp":1.7678109216764657e+09,"_step":201,"n_params":2667264,"tps":3796.9153728115525,"accuracy":0.5457677245140076,"step":9999}