{"_step":241,"step":11999,"loss":2.6177961826324463,"accuracy":0.20968139171600342,"n_params":679168,"tps":14182.731191482082,"_wandb":{"runtime":14218},"_runtime":14218,"_timestamp":1.7677799663696084e+09}