{"tps":16272.187150790694,"n_params":679248,"_timestamp":1.7677576272134159e+09,"accuracy":0.5848214626312256,"_wandb":{"runtime":1981},"_runtime":1981,"loss":1.2062532901763916,"step":7999,"_step":161}