{"_step":201,"_runtime":5385,"n_params":679248,"loss":4.160346508026123,"tps":16937.12466778576,"accuracy":0,"_wandb":{"runtime":5385},"_timestamp":1.767764389312132e+09,"step":9999}