{"_timestamp":1.7677680531101778e+09,"loss":1.069803237915039,"_runtime":1823,"accuracy":0.6458333730697632,"step":7999,"_wandb":{"runtime":1823},"_step":161,"tps":17942.193620299287,"n_params":679168}