{"tps":16113.62880078105,"step":9999,"_runtime":5096,"_timestamp":1.7677764137246482e+09,"n_params":925968,"loss":2.4548895359039307,"_step":201,"accuracy":0.3796752095222473,"_wandb":{"runtime":5096}}