{"accuracy":0.218627467751503,"_wandb":{"runtime":12641},"n_params":679168,"_timestamp":1.7677788709677823e+09,"loss":2.6383514404296875,"_step":241,"tps":15012.964689752462,"step":11999,"_runtime":12641}