{"_timestamp":1.7677916421384907e+09,"tps":15444.129721602108,"n_params":679248,"step":11999,"_wandb":{"runtime":12769},"_runtime":12769,"_step":241,"loss":2.667954444885254,"accuracy":0.20931373536586761}