{"accuracy":0.03125,"tps":15212.732133028881,"step":9999,"n_params":679168,"_timestamp":1.767771495656774e+09,"loss":4.163989543914795,"_wandb":{"runtime":5265},"_runtime":5265,"_step":201}