{"accuracy":0.2593137323856354,"tps":16855.352268018254,"_wandb":{"runtime":12067},"loss":2.55468487739563,"_timestamp":1.7677657454310606e+09,"_runtime":12067,"_step":241,"n_params":679248,"step":11999}