{"_timestamp":1.7677556432772007e+09,"n_params":679168,"tps":16366.219406198927,"_wandb":{"runtime":1965},"loss":1.206256628036499,"_step":161,"step":7999,"_runtime":1965,"accuracy":0.6001984477043152}