{"step":9999,"loss":3.196281909942627,"_wandb":{"runtime":5369},"accuracy":0.0625,"_step":201,"_timestamp":1.767764332196868e+09,"tps":15995.444922138484,"n_params":679248,"_runtime":5369}