{"step":9999,"_step":201,"tps":15600.914693159913,"accuracy":0.09375,"_wandb":{"runtime":5230},"_runtime":5230,"n_params":679248,"loss":3.4705209732055664,"_timestamp":1.7677766469715285e+09}