{"_runtime":1906,"_timestamp":1.7677997456208687e+09,"n_params":679168,"_step":161,"step":7999,"accuracy":0.6264881491661072,"tps":17779.018658248533,"_wandb":{"runtime":1906},"loss":1.0635809898376465}