{"step":11999,"loss":0.18805770576000214,"tps":17733.531337858083,"_wandb":{"runtime":14238},"accuracy":0.9348039627075195,"_runtime":14238,"_timestamp":1.7677804683855734e+09,"_step":241,"n_params":679248}