{"_wandb":{"runtime":5772},"_step":241,"tps":17499.611637919985,"_runtime":5772,"n_params":1715472,"step":11999,"_timestamp":1.7677652881374009e+09,"accuracy":0.0002460629912093282,"loss":8.317888259887695}