{"accuracy":0.09375,"tps":13104.92442361756,"_wandb":{"runtime":5184},"n_params":679168,"loss":3.433772087097168,"_timestamp":1.767771414002124e+09,"_step":201,"step":9999,"_runtime":5184}