{"_step":201,"accuracy":0.0031988187693059444,"step":9999,"tps":16138.013596390338,"_wandb":{"runtime":5087},"_timestamp":1.7677638002741444e+09,"loss":6.926616191864014,"_runtime":5087,"n_params":925968}