{"loss":2.0641300678253174,"accuracy":0.3319389820098877,"step":7999,"_wandb":{"runtime":4050},"_runtime":4050,"_timestamp":1.7677577284622095e+09,"tps":15993.099669279494,"n_params":679168,"_step":161}