{"step":9999,"loss":0.5752619504928589,"n_params":2666944,"_runtime":22665,"_timestamp":1.7677888956507614e+09,"accuracy":0.7935531735420227,"_wandb":{"runtime":22665},"tps":3689.275352624193,"_step":201}