{"accuracy":0.0004921259824186563,"_timestamp":1.7677595136176898e+09,"tps":17238.737798805065,"loss":8.315855026245117,"_wandb":{"runtime":5835},"_runtime":5835,"_step":241,"n_params":1715392,"step":11999}